<?xml version="1.0" encoding="utf-8"?>
<feed xmlns="http://www.w3.org/2005/Atom"
    xmlns:rdf="http://www.w3.org/1999/02/22-rdf-syntax-ns#"
    xmlns:leap2="http://terms.leapspecs.org/"
    xmlns:categories="http://wiki.leapspecs.org/2A/categories/"
    xmlns:portfolio="https://eportfolio.u-pec.fr/export/leap/3581/1665924019/"
    xmlns:mahara="http://wiki.mahara.org/Developer_Area/Import%2F%2FExport/LEAP_Extensions#"
>
    <leap2:version>http://www.leapspecs.org/2010-07/2A/</leap2:version>
    <id>https://eportfolio.u-pec.fr/export/3581/1665924019</id>
    <title>Mahara Leap2A Export for Badr BOUZIANE, 16/10/2022 14:40</title>
    <updated>2022-10-16T14:02:19+02:00</updated>
    <generator uri="https://mahara.org/" version="2008122400">Mahara</generator>
    <author>
        <name>Badr BOUZIANE</name>
        <email>badr.bouziane@etu.u-pec.fr</email>
        <uri>portfolio:artefactinternal</uri>
    </author>

    <entry>
        <title>BUT-RT : Portfolio de Badr Bouziane</title>
        <id>portfolio:collection4059</id>

        <updated>2022-09-20T18:06:19+02:00</updated>
        <published>2022-09-20T18:06:01+02:00</published>

        <summary>Un dossier ou il y a de tout</summary>


        <content>Un dossier ou il y a de tout</content>
        <rdf:type rdf:resource="leap2:selection"/>

        <link rel="has_part" href="portfolio:view30804"/>


        <category term="Website" scheme="categories:selection_type#"/>




    </entry>


    <entry>
        <title>page de profil privé</title>
        <id>portfolio:collection4131</id>

        <updated>2022-09-27T10:10:19+02:00</updated>
        <published>2022-09-27T10:10:26+02:00</published>




        <content></content>
        <rdf:type rdf:resource="leap2:selection"/>

        <link rel="has_part" href="portfolio:view31151"/>


        <category term="Website" scheme="categories:selection_type#"/>




    </entry>


    <entry>
        <title>Profile page</title>
        <id>portfolio:view30771</id>

        <updated>2022-10-13T14:02:36+02:00</updated>
        <published>2022-09-20T16:04:31+02:00</published>

        <summary type="xhtml"><div xmlns="http://www.w3.org/1999/xhtml"><div>Your profile page is what others see when they click on your name or profile picture.</div></div></summary>

   <subtitle type="xhtml"><div xmlns="http://www.w3.org/1999/xhtml"><div></div></div></subtitle>
        <content type="xhtml"><div xmlns="http://www.w3.org/1999/xhtml"><div><div id="user_block_135675"><div class="bt-navigation gridstackblock card card-secondary clearfix" id="user_blockinstance_135675">
    
    
    
        <h2 class="title card-header js-heading">
            

            <span class="collapse-inline">
                mon portfolio 
                
            </span>

            

        </h2>
    

    <div class="block" id="user_blockinstance_135675_target">
        
        
            
    <div id="user_collection-nav" class="list-group">
        
            <div class="list-group-item flush">
                <h3 class="list-group-item-heading">
                  
                      <a href="https://eportfolio.u-pec.fr/view/view.php?id=31151">
                  
                        page de profil
                  
                      </a>
                  
                </h3>
            </div>
        
    </div>


        
    </div>
</div>
</div></div></div></content>
        <rdf:type rdf:resource="leap2:selection"/>



        <category term="Webpage" scheme="categories:selection_type#"/>





        <mahara:view mahara:newlayout="1" mahara:type="profile" mahara:ownerformat="6">
        
            
            <mahara:blockinstance mahara:blocktype="navigation" mahara:blocktitle="mon portfolio " mahara:positionx="0" mahara:positiony="0" mahara:height="3" mahara:width="4">
                
                    
                    <mahara:collection>[&quot;portfolio:collection4131&quot;]</mahara:collection>
                    
                
                    
                    <mahara:retractable>[0]</mahara:retractable>
                    
                
                    
                    <mahara:retractedonload>[0]</mahara:retractedonload>
                    
                
                
                
            </mahara:blockinstance>
            
        
        </mahara:view>
    </entry>

    <entry>
        <title>Dashboard page</title>
        <id>portfolio:view30772</id>

        <updated>2022-09-27T09:09:50+02:00</updated>
        <published>2022-09-20T16:04:31+02:00</published>

        <summary type="xhtml"><div xmlns="http://www.w3.org/1999/xhtml"><div></div></div></summary>

   <subtitle type="xhtml"><div xmlns="http://www.w3.org/1999/xhtml"><div></div></div></subtitle>
        <content type="xhtml"><div xmlns="http://www.w3.org/1999/xhtml"><div></div></div></content>
        <rdf:type rdf:resource="leap2:selection"/>



        <category term="Webpage" scheme="categories:selection_type#"/>





        <mahara:view mahara:newlayout="1" mahara:type="dashboard" mahara:ownerformat="6">
        
            
        
        </mahara:view>
    </entry>

    <entry>
        <title>découverte de mahara</title>
        <id>portfolio:view30804</id>

        <updated>2022-09-20T16:04:04+02:00</updated>
        <published>2022-09-20T16:04:34+02:00</published>

        <summary type="xhtml"><div xmlns="http://www.w3.org/1999/xhtml"><div>mes premiers pas sur mahara - première scéance de la SAE 14</div></div></summary>

   <subtitle type="xhtml"><div xmlns="http://www.w3.org/1999/xhtml"><div></div></div></subtitle>
        <content type="xhtml"><div xmlns="http://www.w3.org/1999/xhtml"><div><div id="user_block_132028"><div class="bt-text gridstackblock card card-secondary clearfix" id="user_blockinstance_132028">
    
    
        <div class="block-header quick-edit d-none">
    <a class="modal_link list-group-heading" href="#" title="Édition rapide">
        <span class="icon icon-pencil-alt" title="Édition rapide"></span>
        Édition rapide
    </a>
</div>

    
    
        <h2 class="title card-header js-heading">
            

            <span class="collapse-inline">
                présentation
                
            </span>

            

        </h2>
    

    <div class="block" id="user_blockinstance_132028_target">
        
        
            

<div class="textblock card-body flush">
<p>ceci est mon premier bloc "découverte de Mahara"</p>
</div>


        
    </div>
</div>
</div><div id="user_block_132045"><div class="bt-image gridstackblock card card-secondary clearfix" id="user_blockinstance_132045">
    
    
    
        <h2 class="title card-header js-heading">
            

            <span class="collapse-inline">
                bloc image
                
            </span>

            

        </h2>
    

    <div class="block" id="user_blockinstance_132045_target">
        
        
            
        
    </div>
</div>
</div><div id="user_block_132058"><div class="bt-internalmedia gridstackblock card card-secondary clearfix" id="user_blockinstance_132058">
    
    
    
        <h2 class="title card-header js-heading">
            

            <span class="collapse-inline">
                média
                
            </span>

            

        </h2>
    

    <div class="block" id="user_blockinstance_132058_target">
        
        
            
        
    </div>
</div>
</div><div id="user_block_132065"><div class="bt-externalvideo gridstackblock card card-secondary card-brand clearfix" id="user_blockinstance_132065">
    
    
    
        <h2 class="title card-header js-heading">
            

            <span class="collapse-inline">
                tutoriel mahara
                
            </span>

            

        </h2>
    

    <div class="block" id="user_blockinstance_132065_target">
        
        
            <div class="mediaplayer-container text-center card-body">
  <div id="user_vid_132065" class="mediaplayer" style="margin:0 auto;">
    <iframe class="externalvideoiframe" width="560" height="349" src="https://www.youtube.com/embed/rkp0i5Vsq3s?start=" allowfullscreen="1"></iframe>
    
  </div>
</div>

        
    </div>
</div>
</div></div></div></content>
        <rdf:type rdf:resource="leap2:selection"/>

        <link rel="is_part_of" href="portfolio:collection4059"/>


        <category term="Webpage" scheme="categories:selection_type#"/>





        <mahara:view mahara:newlayout="1" mahara:type="portfolio" mahara:ownerformat="6">
        
            
            <mahara:blockinstance mahara:blocktype="text" mahara:blocktitle="présentation" mahara:positionx="0" mahara:positiony="0" mahara:height="8" mahara:width="4">
                
                    
                    <mahara:text>[&quot;&lt;p&gt;ceci est mon premier bloc \&quot;d&amp;eacute;couverte de Mahara\&quot;&lt;\/p&gt;&quot;]</mahara:text>
                    
                
                    
                    <mahara:instructions></mahara:instructions>
                    
                
                
                
            </mahara:blockinstance>
            
            <mahara:blockinstance mahara:blocktype="image" mahara:blocktitle="bloc image" mahara:positionx="4" mahara:positiony="0" mahara:height="11" mahara:width="3">
                
                    
                    <mahara:artefactid></mahara:artefactid>
                    
                
                    
                    <mahara:showdescription>[false]</mahara:showdescription>
                    
                
                    
                    <mahara:width>[&quot;&quot;]</mahara:width>
                    
                
                    
                    <mahara:retractable>[0]</mahara:retractable>
                    
                
                    
                    <mahara:retractedonload>[0]</mahara:retractedonload>
                    
                
                
                
            </mahara:blockinstance>
            
            <mahara:blockinstance mahara:blocktype="internalmedia" mahara:blocktitle="média" mahara:positionx="7" mahara:positiony="0" mahara:height="11" mahara:width="4">
                
                    
                    <mahara:artefactid></mahara:artefactid>
                    
                
                    
                    <mahara:retractable>[0]</mahara:retractable>
                    
                
                    
                    <mahara:retractedonload>[0]</mahara:retractedonload>
                    
                
                
                
            </mahara:blockinstance>
            
            <mahara:blockinstance mahara:blocktype="externalvideo" mahara:blocktitle="tutoriel mahara" mahara:positionx="0" mahara:positiony="8" mahara:height="31" mahara:width="4">
                
                    
                    <mahara:videoid>[&quot;&lt;iframe class=\&quot;externalvideoiframe\&quot; width=\&quot;560\&quot; height=\&quot;349\&quot; src=\&quot;https:\/\/www.youtube.com\/embed\/rkp0i5Vsq3s?start=\&quot; allowfullscreen=\&quot;1\&quot;&gt;&lt;\/iframe&gt;&quot;]</mahara:videoid>
                    
                
                    
                    <mahara:width>[560]</mahara:width>
                    
                
                    
                    <mahara:height>[349]</mahara:height>
                    
                
                    
                    <mahara:tags>[null]</mahara:tags>
                    
                
                    
                    <mahara:retractable>[0]</mahara:retractable>
                    
                
                    
                    <mahara:retractedonload>[0]</mahara:retractedonload>
                    
                
                    
                    <mahara:html>[&quot;&lt;iframe class=\&quot;externalvideoiframe\&quot; width=\&quot;560\&quot; height=\&quot;349\&quot; src=\&quot;https:\/\/www.youtube.com\/embed\/rkp0i5Vsq3s?start=\&quot; allowfullscreen=\&quot;1\&quot;&gt;&lt;\/iframe&gt;&quot;]</mahara:html>
                    
                
                
                
            </mahara:blockinstance>
            
        
        </mahara:view>
    </entry>

    <entry>
        <title>Tp SAE 14</title>
        <id>portfolio:view31123</id>

        <updated>2022-09-26T14:02:03+02:00</updated>
        <published>2022-09-26T14:02:32+02:00</published>

        <summary type="xhtml"><div xmlns="http://www.w3.org/1999/xhtml"><div></div></div></summary>

   <subtitle type="xhtml"><div xmlns="http://www.w3.org/1999/xhtml"><div></div></div></subtitle>
        <content type="xhtml"><div xmlns="http://www.w3.org/1999/xhtml"><div></div></div></content>
        <rdf:type rdf:resource="leap2:selection"/>



        <category term="Webpage" scheme="categories:selection_type#"/>





        <mahara:view mahara:newlayout="1" mahara:type="portfolio" mahara:ownerformat="6">
        
            
        
        </mahara:view>
    </entry>

    <entry>
        <title>page de profil</title>
        <id>portfolio:view31151</id>

        <updated>2022-10-16T14:02:57+02:00</updated>
        <published>2022-09-27T10:10:52+02:00</published>

        <summary type="xhtml"><div xmlns="http://www.w3.org/1999/xhtml"><div></div></div></summary>

   <subtitle type="xhtml"><div xmlns="http://www.w3.org/1999/xhtml"><div></div></div></subtitle>
        <content type="xhtml"><div xmlns="http://www.w3.org/1999/xhtml"><div><div id="user_block_133671"><div class="bt-resumefield gridstackblock card card-secondary clearfix" id="user_blockinstance_133671">
    
    
    
        <h2 class="title card-header js-heading">
            

            <span class="collapse-inline">
                Stage
                
            </span>

            

        </h2>
    

    <div class="block" id="user_blockinstance_133671_target">
        
        
            
    

<div id="user_employmenthistorylist_f2fd" class="list-group list-group-lite list-group-top-border">
    
    <div class="list-group-item flush-collapsible">
        
            <h4 class="list-group-item-heading">
                <a href="#employment-content-637-87703" class="text-left collapsed collapsible">
                    Animateur à Ecole élémentaire publique manuréva
                    <span class="icon icon-chevron-down float-right collapse-indicator"></span>
                </a>
            </h4>
        

        <span class="text-small text-muted">
            7 janvier
             - 11 janvier
        </span>

        <div id="user_employment-content-637-87703" class="collapse resume-content">
            
            <p class="content-text">
                </p><p>Lors de mon stage de 3e j'ai été affecté comme animateur avec comme compétence requise preuve de patience, d’inventivité, d’écoute, mais aussi de fermeté et le sens de la responsabilité et de la sécurité.</p>
            
            

            

            
        </div>
    </div>
    
</div>




        
    </div>
</div>
</div><div id="user_block_133660"><div class="bt-image gridstackblock card card-secondary clearfix" id="user_blockinstance_133660">
    
        <div class="block-header d-none">
    
        <a class="commentlink" href="#" title="">
        
            
                <span class="icon icon-plus" title="Commentaires et les détails"></span>
                Ajouter un commentaire
                <span class="bh-margin-left icon icon-search-plus"></span>
                Détails
            
        
        </a>
    
</div>

    
    
    
        <h2 class="title card-header js-heading">
            

            <span class="collapse-inline">
                WELCOME
                
            </span>

            

        </h2>
    

    <div class="block" id="user_blockinstance_133660_target">
        
        
            <div class="imageblock card-body">
    <div class="image">
        
        <a class="modal_link" href="#">
            <img rel="leap2:has_part" href="portfolio:artefact87755" alt="Capture.PNG.png.2" title="Capture.PNG.png.2" />
        </a>
        
    </div>

    
</div>

        
    </div>
</div>
</div><div id="user_block_133659"><div class="bt-profileinfo gridstackblock card card-secondary card-regular clearfix" id="user_blockinstance_133659">
    
    
    
        <h2 class="title card-header js-heading">
            

            <span class="collapse-inline">
                contacte
                
            </span>

            

        </h2>
    

    <div class="block" id="user_blockinstance_133659_target">
        
        
            
    
    <div class="card-body flush">
    
    
    
        <p>Vous trouverez ci-joint les moyens de me joindre : </p>
    
    
        <ul class="unstyled profile-info">
        
            <li><strong>Identifiant étudiant:</strong> u32200454</li>
        
            <li><strong>Adresse de courriel:</strong> <a href="mailto:badr.bouziane@etu.u-pec.fr">badr.bouziane@etu.u-pec.fr</a></li>
        
        </ul>
    
    
    
    
    </div>
    


        
    </div>
</div>
</div><div id="user_block_133658"><div class="bt-text gridstackblock card card-secondary clearfix" id="user_blockinstance_133658">
    
    
        <div class="block-header quick-edit d-none">
    <a class="modal_link list-group-heading" href="#" title="Édition rapide">
        <span class="icon icon-pencil-alt" title="Édition rapide"></span>
        Édition rapide
    </a>
</div>

    
    
        <h2 class="title card-header js-heading">
            

            <span class="collapse-inline">
                Présentation
                
            </span>

            

        </h2>
    

    <div class="block" id="user_blockinstance_133658_target">
        
        
            

<div class="textblock card-body flush">
<p>Bienvenue dans mon tableau de bord, je suis Badr Bouziane Elève de première en BUT réseaux et télécommunication a l'iut de creteil-vitry (site vitry).</p>
</div>


        
    </div>
</div>
</div><div id="user_block_133686"><div class="bt-text gridstackblock card card-secondary clearfix" id="user_blockinstance_133686">
    
    
        <div class="block-header quick-edit d-none">
    <a class="modal_link list-group-heading" href="#" title="Édition rapide">
        <span class="icon icon-pencil-alt" title="Édition rapide"></span>
        Édition rapide
    </a>
</div>

    
    
        <h2 class="title card-header js-heading">
            

            <span class="collapse-inline">
                projet
                
            </span>

            

        </h2>
    

    <div class="block" id="user_blockinstance_133686_target">
        
        
            

<div class="textblock card-body flush">
<p>Le projet de STI2D consistait a rendre une serre automatisé en contrôlant la température, le taux d'humidité ainsi que l'éclairage tout en affichant temps réel les information sur un afficheur lcd (module shield). Comme j'étais en option SIN je m'occupait entièrement du programme et du câblage/branchement. Lors de ce projet je devais manipuler le logiciel Arduino qui code en c++.</p>
</div>


        
    </div>
</div>
</div><div id="user_block_134966"><div class="bt-text gridstackblock card card-secondary clearfix" id="user_blockinstance_134966">
    
    
        <div class="block-header quick-edit d-none">
    <a class="modal_link list-group-heading" href="#" title="Édition rapide">
        <span class="icon icon-pencil-alt" title="Édition rapide"></span>
        Édition rapide
    </a>
</div>

    
    
        <h2 class="title card-header js-heading">
            

            <span class="collapse-inline">
                about me
                
            </span>

            

        </h2>
    

    <div class="block" id="user_blockinstance_134966_target">
        
        
            

<div class="textblock card-body flush">
<p>Hello everyone, my name is Badr Bouziane and I am 18 years old. I was a student of STI2D (science and technology of sustainable development) option sin. I am a student in networks and telecommunications. I chose this branch because I am interested in IT thanks to my family. My favorite subjects are: Operating system and networks. I welcome you to my portfolio</p>
</div>


        
    </div>
</div>
</div><div id="user_block_133664"><div class="bt-resumefield gridstackblock card card-secondary clearfix" id="user_blockinstance_133664">
    
    
    
        <h2 class="title card-header js-heading">
            

            <span class="collapse-inline">
                A propos de moi
                
            </span>

            

        </h2>
    

    <div class="block" id="user_blockinstance_133664_target">
        
        
            
    <div class="card-body flush">
    <table class="table resumepersonalinfo profile-info">
    
        
        <tr>
            <th>Date de naissance</th>
            <td>17 November 2004</td>
        </tr>
        
    
        
        <tr>
            <th>Lieu de naissance</th>
            <td>Longjumeau</td>
        </tr>
        
    
        
        <tr>
            <th>Citoyenneté</th>
            <td>Français</td>
        </tr>
        
    
        
    
        
        <tr>
            <th>Sexe</th>
            <td>Homme</td>
        </tr>
        
    
        
        <tr>
            <th>Etat civil</th>
            <td>célibataire</td>
        </tr>
        
    
    </table>
    
</div>



        
    </div>
</div>
</div><div id="user_block_136025"><div class="bt-resumefield gridstackblock card card-secondary clearfix" id="user_blockinstance_136025">
    
    
    
        <h2 class="title card-header js-heading">
            

            <span class="collapse-inline">
                Mes diplômes
                
            </span>

            

        </h2>
    

    <div class="block" id="user_blockinstance_136025_target">
        
        
            
    

<div id="user_educationhistorylist_beb8" class="list-group list-group-lite list-group-top-border">
    
    <div class="list-group-item flush-collapsible">
        
            <h3 class="list-group-item-heading">
                <a href="#education-content-950-86493" class="text-left collapsed collapsible">
                    BUT (diplome nationale) à iut créteil vitry (site vitry)
                    <span class="icon icon-chevron-down float-right collapse-indicator"></span>
                </a>
            </h3>
        

        <span class="text-small text-muted">
            septembre 2022
             - en cours
        </span>

        <div id="user_education-content-950-86493" class="collapse resume-content">
            
            <p class="content-text">
                </p><p>BUT réseaux et télécommunications</p>
            
            

            
                <span class="text-small text-muted">
                    Adresse : Vitry sur seine
                </span>
            

            
        </div>
    </div>
    
    <div class="list-group-item flush-collapsible">
        
            <h3 class="list-group-item-heading">
                <a href="#education-content-882-86493" class="text-left collapsed collapsible">
                    Baccalauréat Science technologie et de l'Industrie du developpement durable (Baccalauréat) à Lycée robert doisneau
                    <span class="icon icon-chevron-down float-right collapse-indicator"></span>
                </a>
            </h3>
        

        <span class="text-small text-muted">
            septembre 2020
             - juillet 2022
        </span>

        <div id="user_education-content-882-86493" class="collapse resume-content">
            
            <p class="content-text">
                </p><p>J'ai obtenue mon baccalauréat avec une mention assez-bien.</p>
            
            

            
                <span class="text-small text-muted">
                    Adresse : Corbeil-Essonnes
                </span>
            

            
        </div>
    </div>
    
</div>




        
    </div>
</div>
</div><div id="user_block_133701"><div class="bt-resumefield gridstackblock card card-secondary clearfix" id="user_blockinstance_133701">
    
    
    
        <h2 class="title card-header js-heading">
            

            <span class="collapse-inline">
                Compétences professionnelles
                
            </span>

            

        </h2>
    

    <div class="block" id="user_blockinstance_133701_target">
        
        
            
    <div class="card-body flush">
<ul>
<li>arduino</li>
<li>html5 (css, html)</li>
<li>microsoft office (word, powerpoint,...)</li>
<li>Python</li>
<li>C et C++</li>
<li>Shell (linux)</li>
</ul>


</div>



        
    </div>
</div>
</div><div id="user_block_133699"><div class="bt-resumefield gridstackblock card card-secondary clearfix" id="user_blockinstance_133699">
    
    
    
        <h2 class="title card-header js-heading">
            

            <span class="collapse-inline">
                Compétences professionnelles
                
            </span>

            

        </h2>
    

    <div class="block" id="user_blockinstance_133699_target">
        
        
            
    <div class="card-body flush">
<ul>
<li>Autonome</li>
<li>curiosité</li>
<li>pérsévérant</li>
<li>créativité</li>
<li>sociable</li>
<li>curieux</li>
</ul>


</div>



        
    </div>
</div>
</div><div id="user_block_135662"><div class="bt-blog gridstackblock card card-secondary clearfix" id="user_blockinstance_135662">
    
    
    
        <h2 class="title card-header js-heading">
            

            <span class="collapse-inline">
                Mon journal
                
            </span>

            

        </h2>
    

    <div class="block" id="user_blockinstance_135662_target">
        
        
            <div class="blog">
    
    

    
    <div class="details-before-list-group">
    
    
        <p class="text-midtone description">
            </p><p>Dans cette séance nous avons découvert mahara. On a appris a manipulé mahara comme par exemple crée des blocs,des journaux (dont celui-ci) et remplir notre curriculum vitae.</p>
        
    
    
    
    </div>
    

    
        <div id="user_postlist_135662" class="fullwidth list-group">
          

    
    <div class="block-header d-none btn-top-right btn-group-top bh-displayiconsonly">
    
        <a class="commentlink btn btn-secondary" href="#" title="">
        
            
                <span class="icon icon-comments" title="Ajouter un commentaire"></span>
                <span class="bh-margin-left icon icon-search-plus" title="Détails"></span>
            
        
        </a>
    
</div>


    <div class="list-group-item clearfix flush">
        <div class="post-heading">
            <h3 class="list-group-item-heading title">
                
                    <a class="modal_link" href="#">
                        Séance SAE n°3
                    </a>
                
            </h3>
            <div class="postdetails text-small text-midtone">
                <span class="icon icon-regular icon-calendar-alt left"></span>
                Écrit par Badr Bouziane le 13 October 2022, 14:39
                
            </div>
            
        </div>

        <div class="content-text">
            <p>Dans cette séance j'ai commencé a peaufiné les détailles de mon portfolio. Ensuite j'ai commencé a préparé mon cv video.</p>
        </div>

        
    </div>


    
    <div class="block-header d-none btn-top-right btn-group-top bh-displayiconsonly">
    
        <a class="commentlink btn btn-secondary" href="#" title="">
        
            
                <span class="icon icon-comments" title="Ajouter un commentaire"></span>
                <span class="bh-margin-left icon icon-search-plus" title="Détails"></span>
            
        
        </a>
    
</div>


    <div class="list-group-item clearfix flush">
        <div class="post-heading">
            <h3 class="list-group-item-heading title">
                
                    <a class="modal_link" href="#">
                        Séance SAE n°2
                    </a>
                
            </h3>
            <div class="postdetails text-small text-midtone">
                <span class="icon icon-regular icon-calendar-alt left"></span>
                Écrit par Badr Bouziane le 13 October 2022, 14:34
                
            </div>
            
        </div>

        <div class="content-text">
            <p>Dans cette séance j'ai commencé a remplir mon CV et crée la mise en page de mon portfolio.</p>
        </div>

        
    </div>


        </div>
        
        <div id="user_blogpost_page_container_135662" class="d-none"><a href="https://eportfolio.u-pec.fr/view/view.php?id=31151&amp;modal=1&amp;artefact=%2089325">Tous les articles</a></div>
        
        
    
    
</div>

        
    </div>
</div>
</div><div id="user_block_136066"><div class="bt-externalvideo gridstackblock card card-secondary card-brand clearfix" id="user_blockinstance_136066">
    
    
    
        <h2 class="title card-header js-heading">
            

            <span class="collapse-inline">
                Cv video
                
            </span>

            

        </h2>
    

    <div class="block" id="user_blockinstance_136066_target">
        
        
            <div class="mediaplayer-container text-center card-body">
  <div id="user_vid_136066" class="mediaplayer" style="margin:0 auto;">
    <a class="embedly-card" href="https://youtube.com/shorts/p11msuyYr_g?feature=share"></a>
    
  </div>
</div>

        
    </div>
</div>
</div></div></div></content>
        <rdf:type rdf:resource="leap2:selection"/>

        <link rel="is_part_of" href="portfolio:collection4131"/>
        <link rel="leap2:has_part" href="portfolio:artefact87703"/>
        <link rel="leap2:has_part" href="portfolio:artefact87755"/>
        <link rel="leap2:has_part" href="portfolio:artefact86323"/>
        <link rel="leap2:has_part" href="portfolio:artefact86444"/>
        <link rel="leap2:has_part" href="portfolio:artefact86493"/>
        <link rel="leap2:has_part" href="portfolio:artefact87530"/>
        <link rel="leap2:has_part" href="portfolio:artefact87539"/>
        <link rel="leap2:has_part" href="portfolio:artefact89325"/>
        <link rel="leap2:has_part" href="portfolio:artefact89333"/>
        <link rel="leap2:has_part" href="portfolio:artefact89331"/>


        <category term="Webpage" scheme="categories:selection_type#"/>





        <mahara:view mahara:newlayout="1" mahara:type="portfolio" mahara:ownerformat="6">
        
            
            <mahara:blockinstance mahara:blocktype="resumefield" mahara:blocktitle="Stage" mahara:positionx="0" mahara:positiony="0" mahara:height="17" mahara:width="3">
                
                    
                    <mahara:artefacttype>[&quot;employmenthistory&quot;]</mahara:artefacttype>
                    
                
                
                
            </mahara:blockinstance>
            
            <mahara:blockinstance mahara:blocktype="image" mahara:blocktitle="WELCOME" mahara:positionx="3" mahara:positiony="0" mahara:height="32" mahara:width="6">
                
                    
                    <mahara:artefactid>[&quot;portfolio:artefact87755&quot;]</mahara:artefactid>
                    
                
                    
                    <mahara:showdescription>[false]</mahara:showdescription>
                    
                
                    
                    <mahara:width>[&quot;&quot;]</mahara:width>
                    
                
                    
                    <mahara:retractable>[0]</mahara:retractable>
                    
                
                    
                    <mahara:retractedonload>[0]</mahara:retractedonload>
                    
                
                
                
            </mahara:blockinstance>
            
            <mahara:blockinstance mahara:blocktype="profileinfo" mahara:blocktitle="contacte" mahara:positionx="0" mahara:positiony="17" mahara:height="22" mahara:width="3">
                
                    
                    <mahara:fields>[[&quot;studentid&quot;]]</mahara:fields>
                    
                
                    
                    <mahara:email>[&quot;badr.bouziane@etu.u-pec.fr&quot;]</mahara:email>
                    
                
                    
                    <mahara:introtext>[&quot;&lt;p&gt;Vous trouverez ci-joint les moyens de me joindre :&amp;nbsp;&lt;\/p&gt;&quot;]</mahara:introtext>
                    
                
                
                
            </mahara:blockinstance>
            
            <mahara:blockinstance mahara:blocktype="text" mahara:blocktitle="Présentation" mahara:positionx="3" mahara:positiony="32" mahara:height="11" mahara:width="7">
                
                    
                    <mahara:text>[&quot;&lt;p&gt;Bienvenue dans mon tableau de bord, je suis Badr Bouziane El&amp;egrave;ve de premi&amp;egrave;re en BUT r&amp;eacute;seaux et t&amp;eacute;l&amp;eacute;communication a l&#039;iut de creteil-vitry (site vitry).&lt;\/p&gt;&quot;]</mahara:text>
                    
                
                    
                    <mahara:instructions></mahara:instructions>
                    
                
                
                
            </mahara:blockinstance>
            
            <mahara:blockinstance mahara:blocktype="text" mahara:blocktitle="projet" mahara:positionx="0" mahara:positiony="39" mahara:height="26" mahara:width="3">
                
                    
                    <mahara:text>[&quot;&lt;p&gt;Le projet de STI2D consistait a rendre une serre automatis&amp;eacute; en contr&amp;ocirc;lant la temp&amp;eacute;rature, le taux d&#039;humidit&amp;eacute; ainsi que l&#039;&amp;eacute;clairage tout en affichant temps r&amp;eacute;el les information sur un afficheur lcd (module shield). Comme j&#039;&amp;eacute;tais en option SIN je m&#039;occupait enti&amp;egrave;rement du programme et du c&amp;acirc;blage\/branchement. Lors de ce projet je devais manipuler le logiciel Arduino qui code en c++.&lt;\/p&gt;&quot;]</mahara:text>
                    
                
                    
                    <mahara:instructions></mahara:instructions>
                    
                
                
                
            </mahara:blockinstance>
            
            <mahara:blockinstance mahara:blocktype="text" mahara:blocktitle="about me" mahara:positionx="3" mahara:positiony="43" mahara:height="20" mahara:width="7">
                
                    
                    <mahara:text>[&quot;&lt;p&gt;Hello everyone, my name is Badr Bouziane and I am 18 years old. I was a student of STI2D (science and technology of sustainable development) option sin. I am a student in networks and telecommunications. I chose this branch because I am interested in IT thanks to my family. My favorite subjects are: Operating system and networks. I welcome you to my portfolio&lt;\/p&gt;&quot;]</mahara:text>
                    
                
                    
                    <mahara:instructions></mahara:instructions>
                    
                
                
                
            </mahara:blockinstance>
            
            <mahara:blockinstance mahara:blocktype="resumefield" mahara:blocktitle="A propos de moi" mahara:positionx="3" mahara:positiony="63" mahara:height="20" mahara:width="7">
                
                    
                    <mahara:artefacttype>[&quot;personalinformation&quot;]</mahara:artefacttype>
                    
                
                
                
            </mahara:blockinstance>
            
            <mahara:blockinstance mahara:blocktype="resumefield" mahara:blocktitle="Mes diplômes" mahara:positionx="0" mahara:positiony="65" mahara:height="21" mahara:width="3">
                
                    
                    <mahara:artefacttype>[&quot;educationhistory&quot;]</mahara:artefacttype>
                    
                
                
                
            </mahara:blockinstance>
            
            <mahara:blockinstance mahara:blocktype="resumefield" mahara:blocktitle="Compétences professionnelles" mahara:positionx="3" mahara:positiony="83" mahara:height="21" mahara:width="4">
                
                    
                    <mahara:artefacttype>[&quot;workskill&quot;]</mahara:artefacttype>
                    
                
                
                
            </mahara:blockinstance>
            
            <mahara:blockinstance mahara:blocktype="resumefield" mahara:blocktitle="Compétences professionnelles" mahara:positionx="7" mahara:positiony="83" mahara:height="21" mahara:width="4">
                
                    
                    <mahara:artefacttype>[&quot;personalskill&quot;]</mahara:artefacttype>
                    
                
                
                
            </mahara:blockinstance>
            
            <mahara:blockinstance mahara:blocktype="blog" mahara:blocktitle="Mon journal" mahara:positionx="0" mahara:positiony="86" mahara:height="51" mahara:width="3">
                
                    
                    <mahara:artefactid>[&quot;portfolio:artefact89325&quot;]</mahara:artefactid>
                    
                
                    
                    <mahara:count>[&quot;5&quot;]</mahara:count>
                    
                
                    
                    <mahara:copytype>[&quot;nocopy&quot;]</mahara:copytype>
                    
                
                    
                    <mahara:retractable>[0]</mahara:retractable>
                    
                
                    
                    <mahara:retractedonload>[0]</mahara:retractedonload>
                    
                
                
                
            </mahara:blockinstance>
            
            <mahara:blockinstance mahara:blocktype="externalvideo" mahara:blocktitle="Cv video" mahara:positionx="3" mahara:positiony="104" mahara:height="35" mahara:width="8">
                
                    
                    <mahara:videoid>[&quot;&lt;a class=\&quot;embedly-card\&quot; href=\&quot;https:\/\/youtube.com\/shorts\/p11msuyYr_g?feature=share\&quot;&gt;&lt;\/a&gt;&quot;]</mahara:videoid>
                    
                
                    
                    <mahara:width>[640]</mahara:width>
                    
                
                    
                    <mahara:height>[480]</mahara:height>
                    
                
                    
                    <mahara:tags>[null]</mahara:tags>
                    
                
                    
                    <mahara:retractable>[0]</mahara:retractable>
                    
                
                    
                    <mahara:retractedonload>[0]</mahara:retractedonload>
                    
                
                    
                    <mahara:html>[&quot;&lt;a class=\&quot;embedly-card\&quot; href=\&quot;https:\/\/youtube.com\/shorts\/p11msuyYr_g?feature=share\&quot;&gt;&lt;\/a&gt;&quot;]</mahara:html>
                    
                
                
                
            </mahara:blockinstance>
            
        
        </mahara:view>
    </entry>

    <entry>
        <title>réseaux en télécommunication</title>
        <id>portfolio:artefact86325</id>

        <updated>2022-09-20T17:05:47+02:00</updated>
        <published>2022-09-20T16:04:31+02:00</published>




        <content type="xhtml"><div xmlns="http://www.w3.org/1999/xhtml"><div><p>Ceci est  un test pour mon blog ( le titre est claqué )</p></div></div></content>
        <rdf:type rdf:resource="leap2:selection"/>
        <mahara:artefactplugin mahara:type="blog" mahara:plugin="blog"/>
        <link rel="leap2:has_part" href="portfolio:artefact86452"/>
        <link rel="leap2:has_part" href="portfolio:artefact86463"/>


        <category term="Blog" scheme="categories:selection_type#"/>




    </entry>


    <entry>
        <title>Images de couverture</title>
        <id>portfolio:artefact86398</id>

        <updated>2022-09-20T16:04:34+02:00</updated>
        <published>2022-09-20T16:04:34+02:00</published>




        <content></content>
        <rdf:type rdf:resource="leap2:selection"/>
        <mahara:artefactplugin mahara:type="folder" mahara:plugin="file"/>


        <category term="Folder" scheme="categories:selection_type#"/>




    </entry>


    <entry>
        <title>Toute première impression</title>
        <id>portfolio:artefact86452</id>

        <updated>2022-09-20T17:05:58+02:00</updated>
        <published>2022-09-20T17:05:58+02:00</published>




        <content type="xhtml"><div xmlns="http://www.w3.org/1999/xhtml"><div><p>Mon avis c'est que c'est plus dur que "Dark soul 3" pour ce qui ont la réf</p></div></div></content>
        <rdf:type rdf:resource="leap2:entry"/>
        <mahara:artefactplugin mahara:type="blogpost" mahara:plugin="blog"/>
        <link rel="leap2:is_part_of" href="portfolio:artefact86325"/>






    </entry>


    <entry>
        <title>Deuxième impression</title>
        <id>portfolio:artefact86463</id>

        <updated>2022-09-20T17:05:05+02:00</updated>
        <published>2022-09-20T17:05:05+02:00</published>




        <content type="xhtml"><div xmlns="http://www.w3.org/1999/xhtml"><div><p>C'est toujours aussi nul</p></div></div></content>
        <rdf:type rdf:resource="leap2:entry"/>
        <mahara:artefactplugin mahara:type="blogpost" mahara:plugin="blog"/>
        <link rel="leap2:is_part_of" href="portfolio:artefact86325"/>






    </entry>


    <entry>
        <title>Historique de formation</title>
        <id>portfolio:artefact86493</id>

        <updated>2022-09-27T10:10:58+02:00</updated>
        <published>2022-09-20T17:05:46+02:00</published>




        <content></content>
        <rdf:type rdf:resource="leap2:selection"/>
        <mahara:artefactplugin mahara:type="educationhistory" mahara:plugin="resume"/>
        <link rel="leap2:has_part" href="portfolio:resumecomposite-86493-child-882" leap2:display_order="2"/>
        <link rel="leap2:has_part" href="portfolio:resumecomposite-86493-child-950" leap2:display_order="1"/>


        <category term="Grouping" scheme="categories:selection_type#"/>




    </entry>


    <entry>
        <title>Baccalauréat Science technologie et de l&#039;Industrie du developpement durable</title>
        <id>portfolio:resumecomposite-86493-child-882</id>

        <updated>2022-09-27T10:10:58+02:00</updated>





        <content>&lt;p&gt;J&#039;ai obtenue mon baccalaur&amp;eacute;at avec une mention assez-bien.&lt;/p&gt;</content>
        <rdf:type rdf:resource="leap2:activity"/>
        <mahara:artefactplugin mahara:type="pseudo:educationhistory" mahara:plugin="resume"/>
        <link rel="leap2:is_part_of" href="portfolio:artefact86493" leap2:display_order="2"/>
        <link rel="leap2:supported_by" href="portfolio:resumesibling-86493-sibling-882-rel-supports"/>
        <link rel="leap2:supports" href="portfolio:resumesibling-86493-sibling-882-rel-supported_by"/>


        <category term="Education" scheme="categories:life_area#"/>






        <leap2:date leap2:point="start" leap2:label="septembre 2020"></leap2:date>

        <leap2:date leap2:point="end" leap2:label="juillet 2022"></leap2:date>

    </entry>

    <entry>
        <title>Lycée robert doisneau</title>
        <id>portfolio:resumesibling-86493-sibling-882-rel-supports</id>

        <updated>2022-09-27T10:10:58+02:00</updated>





        <content></content>
        <rdf:type rdf:resource="leap2:organization"/>
        <mahara:artefactplugin mahara:type="pseudo:educationhistory" mahara:plugin="resume"/>
        <link rel="leap2:supports" href="portfolio:resumecomposite-86493-child-882"/>










    </entry>

    <entry>
        <title>Baccalauréat</title>
        <id>portfolio:resumesibling-86493-sibling-882-rel-supported_by</id>

        <updated>2022-09-27T10:10:58+02:00</updated>





        <content>Baccalauréat Science technologie et de l&#039;Industrie du developpement durable</content>
        <rdf:type rdf:resource="leap2:achievement"/>
        <mahara:artefactplugin mahara:type="pseudo:educationhistory" mahara:plugin="resume"/>
        <link rel="leap2:supported_by" href="portfolio:resumecomposite-86493-child-882"/>










    </entry>

    <entry>
        <title>BUT</title>
        <id>portfolio:resumecomposite-86493-child-950</id>

        <updated>2022-09-27T10:10:58+02:00</updated>





        <content>&lt;p&gt;BUT r&amp;eacute;seaux et t&amp;eacute;l&amp;eacute;communications&lt;/p&gt;</content>
        <rdf:type rdf:resource="leap2:activity"/>
        <mahara:artefactplugin mahara:type="pseudo:educationhistory" mahara:plugin="resume"/>
        <link rel="leap2:is_part_of" href="portfolio:artefact86493" leap2:display_order="1"/>
        <link rel="leap2:supported_by" href="portfolio:resumesibling-86493-sibling-950-rel-supports"/>
        <link rel="leap2:supports" href="portfolio:resumesibling-86493-sibling-950-rel-supported_by"/>


        <category term="Education" scheme="categories:life_area#"/>






        <leap2:date leap2:point="start" leap2:label="septembre 2022"></leap2:date>

        <leap2:date leap2:point="end" leap2:label="en cours"></leap2:date>

    </entry>

    <entry>
        <title>iut créteil vitry (site vitry)</title>
        <id>portfolio:resumesibling-86493-sibling-950-rel-supports</id>

        <updated>2022-09-27T10:10:58+02:00</updated>





        <content></content>
        <rdf:type rdf:resource="leap2:organization"/>
        <mahara:artefactplugin mahara:type="pseudo:educationhistory" mahara:plugin="resume"/>
        <link rel="leap2:supports" href="portfolio:resumecomposite-86493-child-950"/>










    </entry>

    <entry>
        <title>diplome nationale</title>
        <id>portfolio:resumesibling-86493-sibling-950-rel-supported_by</id>

        <updated>2022-09-27T10:10:58+02:00</updated>





        <content>BUT</content>
        <rdf:type rdf:resource="leap2:achievement"/>
        <mahara:artefactplugin mahara:type="pseudo:educationhistory" mahara:plugin="resume"/>
        <link rel="leap2:supported_by" href="portfolio:resumecomposite-86493-child-950"/>










    </entry>

    <entry>
        <title>70309382-bienvenue-en-français-welcome-au-tableau-noir.webp</title>
        <id>portfolio:artefact87528</id>

        <updated>2022-09-26T14:02:47+02:00</updated>
        <published>2022-09-26T14:02:47+02:00</published>




        <content type="xhtml"><div xmlns="http://www.w3.org/1999/xhtml"><div></div></div></content>
        <rdf:type rdf:resource="leap2:resource"/>
        <mahara:artefactplugin mahara:type="file" mahara:plugin="file"/>
        <link rel="enclosure" type="image/webp" href="export_info/files/87528-70309382-bienvenue-en-français-welcome-au-tableau-noir.webp"/>


        <category term="Offline" scheme="categories:resource_type#" label="File"/>




    </entry>


    <entry>
        <title>Capture.PNG</title>
        <id>portfolio:artefact87529</id>

        <updated>2022-09-26T14:02:22+02:00</updated>
        <published>2022-09-26T14:02:22+02:00</published>




        <content type="xhtml"><div xmlns="http://www.w3.org/1999/xhtml"><div></div></div></content>
        <rdf:type rdf:resource="leap2:resource"/>
        <mahara:artefactplugin mahara:type="image" mahara:plugin="file"/>
        <link rel="enclosure" type="image/png" href="export_info/files/87529-Capture.PNG"/>


        <category term="Offline" scheme="categories:resource_type#" label="File"/>




    </entry>


    <entry>
        <title>Compétences personnelles</title>
        <id>portfolio:artefact87530</id>

        <updated>2022-09-27T11:11:20+02:00</updated>
        <published>2022-09-26T14:02:24+02:00</published>




        <content type="xhtml"><div xmlns="http://www.w3.org/1999/xhtml"><div><ul>
<li>Autonome</li>
<li>curiosité</li>
<li>pérsévérant</li>
<li>créativité</li>
<li>sociable</li>
<li>curieux</li>
</ul></div></div></content>
        <rdf:type rdf:resource="leap2:ability"/>
        <mahara:artefactplugin mahara:type="personalskill" mahara:plugin="resume"/>
        <link rel="leap2:is_part_of" href="portfolio:view31151"/>






    </entry>


    <entry>
        <title>Compétences professionnelles</title>
        <id>portfolio:artefact87539</id>

        <updated>2022-09-27T11:11:47+02:00</updated>
        <published>2022-09-26T15:03:35+02:00</published>




        <content type="xhtml"><div xmlns="http://www.w3.org/1999/xhtml"><div><ul>
<li>arduino</li>
<li>html5 (css, html)</li>
<li>microsoft office (word, powerpoint,...)</li>
<li>Python</li>
<li>C et C++</li>
<li>Shell (linux)</li>
</ul></div></div></content>
        <rdf:type rdf:resource="leap2:ability"/>
        <mahara:artefactplugin mahara:type="workskill" mahara:plugin="resume"/>
        <link rel="leap2:is_part_of" href="portfolio:view31151"/>






    </entry>


    <entry>
        <title>Centres d&#039;intérêt</title>
        <id>portfolio:artefact87543</id>

        <updated>2022-09-27T10:10:29+02:00</updated>
        <published>2022-09-26T15:03:50+02:00</published>




        <content type="xhtml"><div xmlns="http://www.w3.org/1999/xhtml"><div><p>Mes centres d’intérêt sont :</p>
<ul>
<li>joué au jeux vidéo</li>
<li>lire des manga</li>
<li>regardes des films, série (anime)</li>
<li>la mécanique</li>
<li>fabriqué des objet</li>
</ul></div></div></content>
        <rdf:type rdf:resource="leap2:entry"/>
        <mahara:artefactplugin mahara:type="interest" mahara:plugin="resume"/>






    </entry>


    <entry>
        <title>Capture.PNG.png</title>
        <id>portfolio:artefact87641</id>

        <updated>2022-09-27T09:09:28+02:00</updated>
        <published>2022-09-27T09:09:28+02:00</published>




        <content type="xhtml"><div xmlns="http://www.w3.org/1999/xhtml"><div></div></div></content>
        <rdf:type rdf:resource="leap2:resource"/>
        <mahara:artefactplugin mahara:type="image" mahara:plugin="file"/>
        <link rel="enclosure" type="image/png" href="export_info/files/87641-Capture.PNG.png"/>


        <category term="Offline" scheme="categories:resource_type#" label="File"/>




    </entry>


    <entry>
        <title>Historique des emplois</title>
        <id>portfolio:artefact87703</id>

        <updated>2022-10-06T16:04:00+02:00</updated>
        <published>2022-09-27T10:10:45+02:00</published>




        <content></content>
        <rdf:type rdf:resource="leap2:selection"/>
        <mahara:artefactplugin mahara:type="employmenthistory" mahara:plugin="resume"/>
        <link rel="leap2:has_part" href="portfolio:resumecomposite-87703-child-637" leap2:display_order="1"/>


        <category term="Grouping" scheme="categories:selection_type#"/>




    </entry>


    <entry>
        <title>Animateur</title>
        <id>portfolio:resumecomposite-87703-child-637</id>

        <updated>2022-10-06T16:04:00+02:00</updated>





        <content>&lt;p&gt;Lors de mon stage de 3e j&#039;ai &amp;eacute;t&amp;eacute; affect&amp;eacute; comme animateur avec comme comp&amp;eacute;tence requise preuve de patience, d&amp;rsquo;inventivit&amp;eacute;, d&amp;rsquo;&amp;eacute;coute, mais aussi de fermet&amp;eacute; et le sens de la responsabilit&amp;eacute; et de la s&amp;eacute;curit&amp;eacute;.&lt;/p&gt;</content>
        <rdf:type rdf:resource="leap2:activity"/>
        <mahara:artefactplugin mahara:type="pseudo:employmenthistory" mahara:plugin="resume"/>
        <link rel="leap2:is_part_of" href="portfolio:artefact87703" leap2:display_order="1"/>
        <link rel="leap2:supported_by" href="portfolio:resumesibling-87703-sibling-637-rel-supports"/>


        <category term="Work" scheme="categories:life_area#"/>






        <leap2:date leap2:point="start" leap2:label="7 janvier"></leap2:date>

        <leap2:date leap2:point="end" leap2:label="11 janvier"></leap2:date>

    </entry>

    <entry>
        <title>Ecole élémentaire publique manuréva</title>
        <id>portfolio:resumesibling-87703-sibling-637-rel-supports</id>

        <updated>2022-10-06T16:04:00+02:00</updated>





        <content></content>
        <rdf:type rdf:resource="leap2:organization"/>
        <mahara:artefactplugin mahara:type="pseudo:employmenthistory" mahara:plugin="resume"/>
        <link rel="leap2:supports" href="portfolio:resumecomposite-87703-child-637"/>










    </entry>

    <entry>
        <title>Capture.PNG.png.1</title>
        <id>portfolio:artefact87745</id>

        <updated>2022-09-27T10:10:01+02:00</updated>
        <published>2022-09-27T10:10:01+02:00</published>




        <content type="xhtml"><div xmlns="http://www.w3.org/1999/xhtml"><div></div></div></content>
        <rdf:type rdf:resource="leap2:resource"/>
        <mahara:artefactplugin mahara:type="image" mahara:plugin="file"/>
        <link rel="enclosure" type="image/png" href="export_info/files/87745-Capture.PNG.png.1"/>


        <category term="Offline" scheme="categories:resource_type#" label="File"/>




    </entry>


    <entry>
        <title>Capture.PNG.png.2</title>
        <id>portfolio:artefact87755</id>

        <updated>2022-09-27T10:10:33+02:00</updated>
        <published>2022-09-27T10:10:33+02:00</published>




        <content type="xhtml"><div xmlns="http://www.w3.org/1999/xhtml"><div></div></div></content>
        <rdf:type rdf:resource="leap2:resource"/>
        <mahara:artefactplugin mahara:type="image" mahara:plugin="file"/>
        <link rel="enclosure" type="image/png" href="export_info/files/87755-Capture.PNG.png.2"/>
        <link rel="leap2:is_part_of" href="portfolio:view31151"/>


        <category term="Offline" scheme="categories:resource_type#" label="File"/>




    </entry>


    <entry>
        <title>Séance SAE n°1</title>
        <id>portfolio:artefact89325</id>

        <updated>2022-10-13T14:02:24+02:00</updated>
        <published>2022-10-13T14:02:22+02:00</published>




        <content type="xhtml"><div xmlns="http://www.w3.org/1999/xhtml"><div><p>Dans cette séance nous avons découvert mahara. On a appris a manipulé mahara comme par exemple crée des blocs,des journaux (dont celui-ci) et remplir notre curriculum vitae.</p></div></div></content>
        <rdf:type rdf:resource="leap2:selection"/>
        <mahara:artefactplugin mahara:type="blog" mahara:plugin="blog"/>
        <link rel="leap2:is_part_of" href="portfolio:view31151"/>
        <link rel="leap2:has_part" href="portfolio:artefact89331"/>
        <link rel="leap2:has_part" href="portfolio:artefact89333"/>


        <category term="Blog" scheme="categories:selection_type#"/>




    </entry>


    <entry>
        <title>Séance SAE n°2</title>
        <id>portfolio:artefact89331</id>

        <updated>2022-10-13T14:02:07+02:00</updated>
        <published>2022-10-13T14:02:07+02:00</published>




        <content type="xhtml"><div xmlns="http://www.w3.org/1999/xhtml"><div><p>Dans cette séance j'ai commencé a remplir mon CV et crée la mise en page de mon portfolio.</p></div></div></content>
        <rdf:type rdf:resource="leap2:entry"/>
        <mahara:artefactplugin mahara:type="blogpost" mahara:plugin="blog"/>
        <link rel="leap2:is_part_of" href="portfolio:view31151"/>
        <link rel="leap2:is_part_of" href="portfolio:artefact89325"/>






    </entry>


    <entry>
        <title>Séance SAE n°3</title>
        <id>portfolio:artefact89333</id>

        <updated>2022-10-13T14:02:47+02:00</updated>
        <published>2022-10-13T14:02:47+02:00</published>




        <content type="xhtml"><div xmlns="http://www.w3.org/1999/xhtml"><div><p>Dans cette séance j'ai commencé a peaufiné les détailles de mon portfolio. Ensuite j'ai commencé a préparé mon cv video.</p></div></div></content>
        <rdf:type rdf:resource="leap2:entry"/>
        <mahara:artefactplugin mahara:type="blogpost" mahara:plugin="blog"/>
        <link rel="leap2:is_part_of" href="portfolio:view31151"/>
        <link rel="leap2:is_part_of" href="portfolio:artefact89325"/>






    </entry>


    <entry>
        <title>Badr Bouziane</title>
        <id>portfolio:artefactinternal</id>

        <updated>2022-09-20T18:06:21+02:00</updated>





        <content type="html"></content>
        <rdf:type rdf:resource="leap2:person"/>
        <mahara:artefactplugin mahara:type="internal" mahara:plugin="internal"/>


        <category term="Self" scheme="categories:person_type#"/>






        <leap2:persondata
            mahara:artefactplugin="internal"
            mahara:artefacttype="email"

            leap2:field="email"

            leap2:label="Adresse de courriel"

        >badr.bouziane@etu.u-pec.fr</leap2:persondata>

        <leap2:persondata
            mahara:artefactplugin="internal"
            mahara:artefacttype="firstname"

            leap2:field="legal_given_name"

            leap2:label="Prénom"

        >Badr</leap2:persondata>

        <leap2:persondata
            mahara:artefactplugin="internal"
            mahara:artefacttype="homenumber"

            leap2:field="homephone"

            leap2:label="Téléphone privé"

        >07 66 51 06 39</leap2:persondata>

        <leap2:persondata
            mahara:artefactplugin="internal"
            mahara:artefacttype="lastname"

            leap2:field="legal_family_name"

            leap2:label="Nom"

        >BOUZIANE</leap2:persondata>

        <leap2:persondata
            mahara:artefactplugin="internal"
            mahara:artefacttype="personalwebsite"

            leap2:field="website"

            leap2:label="Adresse web personnelle"

        >http://badrbb317@gmail.com</leap2:persondata>

        <leap2:persondata
            mahara:artefactplugin="internal"
            mahara:artefacttype="preferredname"

            leap2:field="preferred_given_name"

            leap2:label="Nom préféré"

        >Badr Bouziane</leap2:persondata>

        <leap2:persondata
            mahara:artefactplugin="internal"
            mahara:artefacttype="studentid"

            leap2:field="other"

            leap2:label="Identifiant étudiant"

        >u32200454</leap2:persondata>

        <leap2:persondata
            mahara:artefactplugin="resume"
            mahara:artefacttype="personalinformation/dateofbirth"

            leap2:field="dob"

            leap2:label="Date de naissance"

        >2004-11-17T00:12:00+01:00</leap2:persondata>

        <leap2:persondata
            mahara:artefactplugin="resume"
            mahara:artefacttype="personalinformation/placeofbirth"

            leap2:field="other" mahara:field="placeofbirth"

            leap2:label="Lieu de naissance"

        >Longjumeau</leap2:persondata>

        <leap2:persondata
            mahara:artefactplugin="resume"
            mahara:artefacttype="personalinformation/citizenship"

            leap2:field="other" mahara:field="citizenship"

            leap2:label="Citoyenneté"

        >Français</leap2:persondata>

        <leap2:persondata
            mahara:artefactplugin="resume"
            mahara:artefacttype="personalinformation/gender"

            leap2:field="gender"

            leap2:label="[[gender/artefact.resume]]"

        >1</leap2:persondata>

        <leap2:persondata
            mahara:artefactplugin="resume"
            mahara:artefacttype="personalinformation/maritalstatus"

            leap2:field="other" mahara:field="maritalstatus"

            leap2:label="Etat civil"

        >célibataire</leap2:persondata>


        <leap2:spatial>

            <leap2:addressline mahara:artefacttype="address">91280</leap2:addressline>

            <leap2:addressline mahara:artefacttype="city">ile de france</leap2:addressline>

            <leap2:country mahara:artefacttype="country" leap2:countrycode="fra">France</leap2:country>

            <leap2:addressline mahara:artefacttype="town">Saint pierre du perray</leap2:addressline>

        </leap2:spatial>

    </entry>

</feed>
